ID,Category,Date,Student Count,Pass Percentage,Label
ID_1,Type A,2018-01-01,595,235.19,Neutral
ID_2,Type D,2018-01-02,953,215.16,Positive
ID_3,Type A,2018-01-03,110,287.91,Positive
ID_4,Type D,2018-01-04,366,219.01,Neutral
ID_5,Type C,2018-01-05,758,46.3,Negative
ID_6,Type C,2018-01-06,442,265.63,Neutral
ID_7,Type C,2018-01-07,888,57.95,Positive
ID_8,Type C,2018-01-08,642,207.76,Positive
ID_9,Type D,2018-01-09,309,98.54,Negative
ID_10,Type D,2018-01-10,779,28.55,Positive
ID_11,Type C,2018-01-11,964,203.56,Neutral
ID_12,Type B,2018-01-12,707,46.79,Negative
ID_13,Type D,2018-01-13,489,299.83,Negative
ID_14,Type A,2018-01-14,875,32.13,Negative
ID_15,Type C,2018-01-15,620,370.6,Negative
ID_16,Type B,2018-01-16,636,487.14,Positive
ID_17,Type C,2018-01-17,440,309.34,Neutral
ID_18,Type B,2018-01-18,50,345.56,Positive
ID_19,Type C,2018-01-19,27,62.37,Positive
ID_20,Type B,2018-01-20,255,388.85,Negative
ID_21,Type D,2018-01-21,32,215.41,Negative
ID_22,Type C,2018-01-22,765,60.35,Negative
ID_23,Type D,2018-01-23,412,450.65,Positive
ID_24,Type B,2018-01-24,608,103.07,Negative
ID_25,Type C,2018-01-25,824,173.68,Neutral
ID_26,Type D,2018-01-26,18,141.31,Neutral
ID_27,Type C,2018-01-27,722,113.25,Positive
ID_28,Type C,2018-01-28,670,65.11,Neutral
ID_29,Type D,2018-01-29,591,204.8,Negative
ID_30,Type A,2018-01-30,715,84.1,Neutral
ID_31,Type A,2018-01-31,150,211.1,Neutral
ID_32,Type A,2018-02-01,158,327.2,Neutral
ID_33,Type C,2018-02-02,114,53.95,Negative
ID_34,Type A,2018-02-03,665,265.7,Positive
ID_35,Type A,2018-02-04,209,53.19,Positive
ID_36,Type D,2018-02-05,668,305.89,Neutral
ID_37,Type A,2018-02-06,182,46.62,Negative
ID_38,Type D,2018-02-07,250,429.08,Neutral
ID_39,Type D,2018-02-08,719,358.18,Negative
ID_40,Type D,2018-02-09,518,416.86,Positive
ID_41,Type D,2018-02-10,854,186.4,Neutral
ID_42,Type C,2018-02-11,596,238.89,Neutral
ID_43,Type D,2018-02-12,260,367.24,Neutral
ID_44,Type D,2018-02-13,84,246.79,Neutral
ID_45,Type C,2018-02-14,936,302.8,Positive
ID_46,Type C,2018-02-15,489,439.21,Neutral
ID_47,Type C,2018-02-16,910,211.42,Neutral
ID_48,Type A,2018-02-17,916,167.52,Positive
ID_49,Type A,2018-02-18,797,245.88,Positive
ID_50,Type C,2018-02-19,206,13.09,Neutral
ID_51,Type D,2018-02-20,309,206.44,Neutral
ID_52,Type B,2018-02-21,276,287.28,Negative
ID_53,Type D,2018-02-22,93,414.17,Negative
ID_54,Type B,2018-02-23,218,15.34,Neutral
ID_55,Type D,2018-02-24,75,480.98,Neutral
ID_56,Type B,2018-02-25,295,423.98,Negative
ID_57,Type C,2018-02-26,199,64.52,Negative
ID_58,Type B,2018-02-27,700,222.65,Negative
ID_59,Type B,2018-02-28,337,370.74,Neutral
ID_60,Type C,2018-03-01,204,485.75,Positive
ID_61,Type C,2018-03-02,313,317.84,Neutral
ID_62,Type B,2018-03-03,479,105.88,Negative
ID_63,Type C,2018-03-04,570,447.22,Positive
ID_64,Type B,2018-03-05,647,87.6,Positive
ID_65,Type D,2018-03-06,538,449.67,Positive
ID_66,Type D,2018-03-07,580,349.51,Positive
ID_67,Type C,2018-03-08,813,373.22,Positive
ID_68,Type B,2018-03-09,818,464.41,Positive
ID_69,Type C,2018-03-10,820,476.41,Positive
ID_70,Type A,2018-03-11,145,264.72,Neutral
ID_71,Type C,2018-03-12,13,484.55,Positive
ID_72,Type B,2018-03-13,782,425.71,Negative
ID_73,Type B,2018-03-14,990,217.2,Negative
ID_74,Type A,2018-03-15,692,87.06,Negative
ID_75,Type C,2018-03-16,576,457.24,Positive
ID_76,Type A,2018-03-17,317,469.38,Neutral
ID_77,Type C,2018-03-18,107,107.89,Negative
ID_78,Type A,2018-03-19,755,226.34,Neutral
ID_79,Type D,2018-03-20,962,412.38,Negative
ID_80,Type D,2018-03-21,278,266.92,Positive
ID_81,Type A,2018-03-22,684,396.39,Neutral
ID_82,Type B,2018-03-23,722,245.71,Neutral
ID_83,Type B,2018-03-24,968,374.09,Positive
ID_84,Type B,2018-03-25,672,210.84,Negative
ID_85,Type A,2018-03-26,434,469.01,Positive
ID_86,Type B,2018-03-27,344,246.99,Positive
ID_87,Type D,2018-03-28,523,183.87,Neutral
ID_88,Type C,2018-03-29,35,242.73,Negative
ID_89,Type D,2018-03-30,778,246.38,Negative
ID_90,Type B,2018-03-31,776,317.67,Positive
ID_91,Type A,2018-04-01,966,30.97,Neutral
ID_92,Type A,2018-04-02,382,250.51,Neutral
ID_93,Type A,2018-04-03,645,337.14,Negative
ID_94,Type C,2018-04-04,598,241.51,Neutral
ID_95,Type C,2018-04-05,738,429.77,Negative
ID_96,Type A,2018-04-06,592,494.68,Negative
ID_97,Type B,2018-04-07,233,152.15,Positive
ID_98,Type C,2018-04-08,310,217.68,Negative
ID_99,Type C,2018-04-09,696,328.61,Neutral
ID_100,Type A,2018-04-10,356,477.92,Neutral
ID_101,Type B,2018-04-11,972,99.67,Negative
ID_102,Type C,2018-04-12,208,73.59,Negative
ID_103,Type A,2018-04-13,208,473.93,Negative
ID_104,Type C,2018-04-14,583,487.31,Negative
ID_105,Type D,2018-04-15,23,284.05,Neutral
ID_106,Type A,2018-04-16,836,462.52,Negative
ID_107,Type B,2018-04-17,51,118.31,Negative
ID_108,Type B,2018-04-18,389,351.39,Negative
ID_109,Type C,2018-04-19,519,409.07,Neutral
ID_110,Type D,2018-04-20,769,30.99,Negative
ID_111,Type B,2018-04-21,25,176.06,Negative
ID_112,Type A,2018-04-22,53,461.4,Positive
ID_113,Type C,2018-04-23,942,358.53,Neutral
ID_114,Type C,2018-04-24,141,491.34,Neutral
ID_115,Type A,2018-04-25,485,36.63,Positive
ID_116,Type C,2018-04-26,461,491.52,Positive
ID_117,Type B,2018-04-27,500,246.51,Positive
ID_118,Type C,2018-04-28,533,472.65,Positive
ID_119,Type B,2018-04-29,859,259.85,Negative
ID_120,Type D,2018-04-30,64,399.74,Positive
ID_121,Type C,2018-05-01,883,312.41,Positive
ID_122,Type B,2018-05-02,866,154.33,Neutral
ID_123,Type C,2018-05-03,55,194.6,Positive
ID_124,Type D,2018-05-04,596,21.45,Neutral
ID_125,Type A,2018-05-05,723,469.45,Neutral
ID_126,Type D,2018-05-06,736,183.85,Neutral
ID_127,Type C,2018-05-07,192,186.74,Neutral
ID_128,Type B,2018-05-08,808,284.93,Negative
ID_129,Type C,2018-05-09,751,463.85,Positive
ID_130,Type C,2018-05-10,641,287.72,Negative
ID_131,Type D,2018-05-11,779,163.29,Negative
ID_132,Type A,2018-05-12,120,333.01,Positive
ID_133,Type B,2018-05-13,681,106.8,Positive
ID_134,Type C,2018-05-14,200,388.49,Positive
ID_135,Type C,2018-05-15,839,439.22,Positive
ID_136,Type C,2018-05-16,837,275.85,Neutral
ID_137,Type B,2018-05-17,760,114.01,Negative
ID_138,Type A,2018-05-18,117,268.53,Positive
ID_139,Type D,2018-05-19,314,85.28,Negative
ID_140,Type D,2018-05-20,625,466.57,Negative
ID_141,Type A,2018-05-21,609,400.43,Neutral
ID_142,Type B,2018-05-22,890,125.9,Neutral
ID_143,Type D,2018-05-23,777,290.6,Neutral
ID_144,Type A,2018-05-24,470,417.32,Negative
ID_145,Type A,2018-05-25,336,206.53,Negative
ID_146,Type A,2018-05-26,93,471.7,Neutral
ID_147,Type D,2018-05-27,4,412.35,Negative
ID_148,Type D,2018-05-28,849,405.18,Negative
ID_149,Type B,2018-05-29,708,162.01,Neutral
ID_150,Type A,2018-05-30,300,270.17,Negative
ID_151,Type B,2018-05-31,126,22.67,Positive
ID_152,Type D,2018-06-01,556,323.72,Neutral
ID_153,Type A,2018-06-02,20,368.29,Negative
ID_154,Type B,2018-06-03,738,400.7,Negative
ID_155,Type C,2018-06-04,764,267.54,Negative
ID_156,Type B,2018-06-05,336,215.91,Neutral
ID_157,Type D,2018-06-06,754,394.61,Neutral
ID_158,Type A,2018-06-07,641,389.12,Negative
ID_159,Type B,2018-06-08,747,198.94,Neutral
ID_160,Type C,2018-06-09,431,344.1,Positive
ID_161,Type A,2018-06-10,289,498.18,Negative
ID_162,Type A,2018-06-11,904,13.45,Negative
ID_163,Type C,2018-06-12,467,186.41,Neutral
ID_164,Type A,2018-06-13,833,74.58,Positive
ID_165,Type D,2018-06-14,558,274.11,Neutral
ID_166,Type D,2018-06-15,810,60.0,Negative
ID_167,Type C,2018-06-16,328,251.33,Neutral
ID_168,Type A,2018-06-17,926,408.86,Negative
ID_169,Type A,2018-06-18,119,473.22,Positive
ID_170,Type D,2018-06-19,549,261.23,Neutral
ID_171,Type A,2018-06-20,611,32.01,Negative
ID_172,Type B,2018-06-21,210,112.51,Neutral
ID_173,Type A,2018-06-22,332,250.57,Negative
ID_174,Type D,2018-06-23,767,21.8,Negative
ID_175,Type A,2018-06-24,176,151.53,Positive
ID_176,Type C,2018-06-25,701,161.71,Negative
ID_177,Type B,2018-06-26,475,253.19,Negative
ID_178,Type D,2018-06-27,787,469.38,Neutral
ID_179,Type B,2018-06-28,332,225.69,Neutral
ID_180,Type B,2018-06-29,693,406.02,Positive
ID_181,Type B,2018-06-30,675,478.49,Positive
ID_182,Type B,2018-07-01,262,360.99,Negative
ID_183,Type D,2018-07-02,672,464.21,Negative
ID_184,Type B,2018-07-03,266,399.69,Neutral
ID_185,Type A,2018-07-04,92,426.61,Neutral
ID_186,Type B,2018-07-05,831,197.39,Neutral
ID_187,Type D,2018-07-06,529,221.56,Positive
ID_188,Type A,2018-07-07,110,188.54,Negative
ID_189,Type B,2018-07-08,783,428.6,Negative
ID_190,Type C,2018-07-09,77,33.19,Neutral
ID_191,Type A,2018-07-10,799,367.08,Negative
ID_192,Type A,2018-07-11,941,72.4,Neutral
ID_193,Type C,2018-07-12,547,423.48,Neutral
ID_194,Type D,2018-07-13,133,197.1,Neutral
ID_195,Type B,2018-07-14,8,464.49,Negative
ID_196,Type B,2018-07-15,995,418.51,Negative
ID_197,Type D,2018-07-16,825,486.4,Neutral
ID_198,Type B,2018-07-17,289,227.39,Negative
ID_199,Type A,2018-07-18,486,140.23,Positive
ID_200,Type B,2018-07-19,664,453.2,Neutral
ID_201,Type D,2018-07-20,325,97.63,Neutral
ID_202,Type D,2018-07-21,150,329.58,Negative
ID_203,Type C,2018-07-22,291,153.76,Negative
ID_204,Type C,2018-07-23,732,479.82,Neutral
ID_205,Type A,2018-07-24,102,360.88,Neutral
ID_206,Type D,2018-07-25,755,290.38,Positive
ID_207,Type D,2018-07-26,250,378.95,Neutral
ID_208,Type B,2018-07-27,561,66.17,Negative
ID_209,Type A,2018-07-28,419,255.7,Neutral
ID_210,Type B,2018-07-29,53,308.46,Neutral
ID_211,Type D,2018-07-30,932,300.07,Positive
ID_212,Type B,2018-07-31,411,207.06,Negative
ID_213,Type D,2018-08-01,293,323.1,Negative
ID_214,Type D,2018-08-02,57,163.45,Negative
ID_215,Type B,2018-08-03,307,445.43,Neutral
ID_216,Type D,2018-08-04,390,66.88,Neutral
ID_217,Type D,2018-08-05,503,227.28,Neutral
ID_218,Type D,2018-08-06,417,424.66,Negative
ID_219,Type B,2018-08-07,382,165.67,Negative
ID_220,Type D,2018-08-08,986,373.22,Negative
ID_221,Type D,2018-08-09,472,67.09,Positive
ID_222,Type C,2018-08-10,559,82.98,Negative
ID_223,Type C,2018-08-11,361,478.65,Negative
ID_224,Type B,2018-08-12,100,434.15,Neutral
ID_225,Type B,2018-08-13,66,384.95,Neutral
ID_226,Type B,2018-08-14,575,170.72,Neutral
ID_227,Type C,2018-08-15,570,494.39,Negative
ID_228,Type D,2018-08-16,549,343.29,Neutral
ID_229,Type B,2018-08-17,328,439.48,Negative
ID_230,Type B,2018-08-18,875,230.64,Negative
ID_231,Type D,2018-08-19,927,147.9,Neutral
ID_232,Type A,2018-08-20,30,93.2,Negative
ID_233,Type D,2018-08-21,372,362.3,Negative
ID_234,Type C,2018-08-22,969,321.6,Negative
ID_235,Type B,2018-08-23,34,180.37,Negative
ID_236,Type B,2018-08-24,475,23.4,Neutral
ID_237,Type B,2018-08-25,406,422.05,Negative
ID_238,Type C,2018-08-26,910,15.67,Negative
ID_239,Type D,2018-08-27,670,471.97,Positive
ID_240,Type B,2018-08-28,50,256.73,Positive
ID_241,Type D,2018-08-29,134,340.86,Negative
ID_242,Type B,2018-08-30,605,301.6,Neutral
ID_243,Type B,2018-08-31,873,93.3,Negative
ID_244,Type A,2018-09-01,401,77.53,Negative
ID_245,Type B,2018-09-02,178,476.6,Negative
ID_246,Type D,2018-09-03,769,371.95,Neutral
ID_247,Type B,2018-09-04,857,85.85,Neutral
ID_248,Type B,2018-09-05,24,444.54,Negative
ID_249,Type A,2018-09-06,826,495.29,Negative
ID_250,Type C,2018-09-07,695,278.6,Negative
ID_251,Type B,2018-09-08,975,147.76,Neutral
ID_252,Type B,2018-09-09,261,182.56,Neutral
ID_253,Type B,2018-09-10,230,318.33,Neutral
ID_254,Type A,2018-09-11,798,264.67,Neutral
ID_255,Type A,2018-09-12,232,57.34,Neutral
ID_256,Type B,2018-09-13,724,12.52,Positive
ID_257,Type A,2018-09-14,34,109.5,Negative
ID_258,Type B,2018-09-15,954,83.48,Positive
ID_259,Type A,2018-09-16,622,212.68,Negative
ID_260,Type D,2018-09-17,724,150.7,Neutral
ID_261,Type D,2018-09-18,127,264.85,Neutral
ID_262,Type A,2018-09-19,719,139.25,Positive
ID_263,Type A,2018-09-20,384,272.95,Neutral
ID_264,Type D,2018-09-21,502,254.7,Positive
ID_265,Type B,2018-09-22,422,232.27,Positive
ID_266,Type D,2018-09-23,315,63.1,Positive
ID_267,Type D,2018-09-24,157,157.84,Negative
ID_268,Type A,2018-09-25,810,253.58,Positive
ID_269,Type D,2018-09-26,894,261.0,Negative
ID_270,Type A,2018-09-27,878,333.1,Neutral
ID_271,Type B,2018-09-28,333,159.04,Neutral
ID_272,Type A,2018-09-29,589,50.76,Negative
ID_273,Type B,2018-09-30,996,475.52,Negative
ID_274,Type A,2018-10-01,543,479.71,Positive
ID_275,Type D,2018-10-02,56,71.51,Positive
ID_276,Type B,2018-10-03,179,269.55,Neutral
ID_277,Type C,2018-10-04,822,180.07,Neutral
ID_278,Type C,2018-10-05,705,65.79,Neutral
ID_279,Type B,2018-10-06,110,292.68,Negative
ID_280,Type A,2018-10-07,169,429.26,Negative
ID_281,Type C,2018-10-08,615,195.74,Negative
ID_282,Type B,2018-10-09,112,347.97,Negative
ID_283,Type D,2018-10-10,328,73.78,Positive
ID_284,Type B,2018-10-11,769,291.32,Positive
ID_285,Type D,2018-10-12,636,42.57,Positive
ID_286,Type A,2018-10-13,765,451.25,Neutral
ID_287,Type C,2018-10-14,401,286.74,Negative
ID_288,Type D,2018-10-15,761,223.64,Positive
ID_289,Type D,2018-10-16,190,400.17,Neutral
ID_290,Type D,2018-10-17,921,191.84,Negative
ID_291,Type B,2018-10-18,748,27.65,Negative
ID_292,Type D,2018-10-19,381,137.16,Neutral
ID_293,Type C,2018-10-20,92,345.0,Positive
ID_294,Type D,2018-10-21,942,473.44,Positive
ID_295,Type D,2018-10-22,884,151.41,Neutral
ID_296,Type C,2018-10-23,930,304.6,Positive
ID_297,Type D,2018-10-24,593,238.5,Neutral
ID_298,Type D,2018-10-25,946,55.72,Negative
ID_299,Type B,2018-10-26,746,162.73,Neutral
ID_300,Type D,2018-10-27,913,95.62,Negative
ID_301,Type A,2018-10-28,250,435.3,Negative
ID_302,Type B,2018-10-29,890,107.07,Negative
ID_303,Type C,2018-10-30,862,231.23,Neutral
ID_304,Type C,2018-10-31,165,59.55,Neutral
ID_305,Type A,2018-11-01,565,252.76,Neutral
ID_306,Type C,2018-11-02,971,85.61,Neutral
ID_307,Type C,2018-11-03,354,368.58,Negative
ID_308,Type C,2018-11-04,819,259.35,Negative
ID_309,Type D,2018-11-05,58,382.42,Positive
ID_310,Type C,2018-11-06,709,306.09,Negative
ID_311,Type D,2018-11-07,563,289.08,Neutral
ID_312,Type A,2018-11-08,127,245.86,Positive
ID_313,Type A,2018-11-09,398,172.0,Negative
ID_314,Type B,2018-11-10,593,301.57,Positive
ID_315,Type B,2018-11-11,864,438.52,Neutral
ID_316,Type C,2018-11-12,969,110.18,Negative
ID_317,Type A,2018-11-13,424,17.84,Negative
ID_318,Type A,2018-11-14,889,344.77,Neutral
ID_319,Type D,2018-11-15,137,308.45,Neutral
ID_320,Type B,2018-11-16,448,418.17,Negative
ID_321,Type C,2018-11-17,274,378.48,Negative
ID_322,Type B,2018-11-18,461,238.14,Neutral
ID_323,Type B,2018-11-19,603,415.61,Neutral
ID_324,Type C,2018-11-20,673,265.2,Negative
ID_325,Type D,2018-11-21,773,466.73,Neutral
ID_326,Type B,2018-11-22,320,252.94,Negative
ID_327,Type C,2018-11-23,739,92.76,Neutral
ID_328,Type A,2018-11-24,498,198.54,Negative
ID_329,Type C,2018-11-25,328,43.54,Negative
ID_330,Type B,2018-11-26,539,142.63,Neutral
ID_331,Type C,2018-11-27,871,321.25,Neutral
ID_332,Type C,2018-11-28,215,101.07,Neutral
ID_333,Type B,2018-11-29,848,24.47,Negative
ID_334,Type C,2018-11-30,423,83.86,Negative
ID_335,Type C,2018-12-01,44,64.38,Neutral
ID_336,Type A,2018-12-02,918,344.9,Neutral
ID_337,Type C,2018-12-03,676,72.59,Positive
ID_338,Type B,2018-12-04,427,163.32,Neutral
ID_339,Type C,2018-12-05,122,51.29,Negative
ID_340,Type D,2018-12-06,371,113.05,Neutral
ID_341,Type D,2018-12-07,209,466.71,Neutral
ID_342,Type C,2018-12-08,809,181.29,Positive
ID_343,Type C,2018-12-09,127,187.59,Neutral
ID_344,Type C,2018-12-10,26,304.08,Negative
ID_345,Type D,2018-12-11,341,479.0,Positive
ID_346,Type A,2018-12-12,407,44.31,Negative
ID_347,Type A,2018-12-13,582,251.17,Negative
ID_348,Type D,2018-12-14,761,59.55,Positive
ID_349,Type D,2018-12-15,399,349.04,Neutral
ID_350,Type A,2018-12-16,517,200.6,Positive
ID_351,Type D,2018-12-17,613,260.59,Positive
ID_352,Type A,2018-12-18,998,396.27,Negative
ID_353,Type C,2018-12-19,22,263.09,Negative
ID_354,Type D,2018-12-20,388,124.58,Neutral
ID_355,Type D,2018-12-21,589,51.41,Negative
ID_356,Type B,2018-12-22,782,238.17,Neutral
ID_357,Type A,2018-12-23,462,282.59,Positive
ID_358,Type B,2018-12-24,968,313.46,Neutral
ID_359,Type C,2018-12-25,998,224.55,Positive
ID_360,Type C,2018-12-26,67,296.4,Neutral
ID_361,Type C,2018-12-27,53,118.21,Positive
ID_362,Type A,2018-12-28,331,251.29,Neutral
ID_363,Type C,2018-12-29,34,112.05,Negative
ID_364,Type D,2018-12-30,436,70.38,Positive
ID_365,Type A,2018-12-31,779,191.55,Neutral
ID_366,Type B,2019-01-01,645,394.22,Positive
ID_367,Type B,2019-01-02,256,327.89,Neutral
ID_368,Type B,2019-01-03,799,35.02,Positive
ID_369,Type D,2019-01-04,150,205.6,Neutral
ID_370,Type A,2019-01-05,491,400.24,Neutral
ID_371,Type A,2019-01-06,825,92.18,Neutral
ID_372,Type C,2019-01-07,42,210.08,Negative
ID_373,Type A,2019-01-08,269,362.79,Neutral
ID_374,Type A,2019-01-09,496,163.08,Negative
ID_375,Type A,2019-01-10,96,333.13,Negative
ID_376,Type B,2019-01-11,858,475.82,Negative
ID_377,Type A,2019-01-12,741,95.35,Negative
ID_378,Type A,2019-01-13,397,50.83,Negative
ID_379,Type A,2019-01-14,973,464.75,Neutral
ID_380,Type B,2019-01-15,315,343.52,Neutral
ID_381,Type C,2019-01-16,957,55.65,Neutral
ID_382,Type B,2019-01-17,336,243.18,Positive
ID_383,Type A,2019-01-18,29,288.05,Positive
ID_384,Type A,2019-01-19,74,464.29,Positive
ID_385,Type D,2019-01-20,495,12.04,Negative
ID_386,Type D,2019-01-21,719,110.53,Positive
ID_387,Type C,2019-01-22,817,80.25,Neutral
ID_388,Type A,2019-01-23,834,56.49,Negative
ID_389,Type D,2019-01-24,229,73.1,Negative
ID_390,Type B,2019-01-25,835,82.56,Negative
ID_391,Type D,2019-01-26,977,158.39,Positive
ID_392,Type C,2019-01-27,616,27.29,Neutral
ID_393,Type B,2019-01-28,420,452.56,Neutral
ID_394,Type C,2019-01-29,199,116.43,Neutral
ID_395,Type C,2019-01-30,482,247.12,Neutral
ID_396,Type A,2019-01-31,456,342.29,Negative
ID_397,Type D,2019-02-01,107,369.1,Positive
ID_398,Type A,2019-02-02,77,271.55,Neutral
ID_399,Type B,2019-02-03,730,140.83,Neutral
ID_400,Type B,2019-02-04,977,61.23,Positive
ID_401,Type B,2019-02-05,823,239.94,Neutral
ID_402,Type B,2019-02-06,799,110.99,Neutral
ID_403,Type D,2019-02-07,673,115.76,Neutral
ID_404,Type B,2019-02-08,294,345.89,Positive
ID_405,Type A,2019-02-09,328,337.54,Neutral
ID_406,Type D,2019-02-10,812,238.73,Negative
ID_407,Type D,2019-02-11,953,367.01,Neutral
ID_408,Type D,2019-02-12,513,313.47,Negative
ID_409,Type D,2019-02-13,372,182.21,Neutral
ID_410,Type D,2019-02-14,784,200.59,Negative
ID_411,Type B,2019-02-15,432,61.05,Positive
ID_412,Type C,2019-02-16,173,365.95,Negative
ID_413,Type D,2019-02-17,188,431.75,Positive
ID_414,Type D,2019-02-18,419,440.6,Positive
ID_415,Type D,2019-02-19,638,164.23,Neutral
ID_416,Type D,2019-02-20,106,331.93,Negative
ID_417,Type D,2019-02-21,407,414.1,Neutral
ID_418,Type A,2019-02-22,895,301.26,Negative
ID_419,Type A,2019-02-23,872,154.1,Positive
ID_420,Type D,2019-02-24,853,148.73,Neutral
ID_421,Type C,2019-02-25,225,11.68,Neutral
ID_422,Type A,2019-02-26,162,234.43,Positive
ID_423,Type C,2019-02-27,795,429.59,Negative
ID_424,Type B,2019-02-28,476,335.88,Negative
ID_425,Type D,2019-03-01,150,154.51,Negative
ID_426,Type D,2019-03-02,291,266.29,Negative
ID_427,Type B,2019-03-03,219,66.34,Neutral
ID_428,Type A,2019-03-04,326,149.47,Neutral
ID_429,Type C,2019-03-05,967,280.74,Negative
ID_430,Type A,2019-03-06,206,444.52,Neutral
ID_431,Type C,2019-03-07,982,296.35,Positive
ID_432,Type C,2019-03-08,349,292.19,Neutral
ID_433,Type C,2019-03-09,668,149.81,Neutral
ID_434,Type B,2019-03-10,643,302.43,Positive
ID_435,Type C,2019-03-11,720,493.73,Negative
ID_436,Type A,2019-03-12,434,289.51,Negative
ID_437,Type C,2019-03-13,177,194.14,Negative
ID_438,Type B,2019-03-14,27,273.68,Positive
ID_439,Type B,2019-03-15,672,329.23,Neutral
ID_440,Type D,2019-03-16,294,175.7,Negative
ID_441,Type C,2019-03-17,439,39.58,Neutral
ID_442,Type A,2019-03-18,152,398.31,Positive
ID_443,Type C,2019-03-19,212,130.09,Negative
ID_444,Type A,2019-03-20,963,213.13,Neutral
ID_445,Type B,2019-03-21,958,127.96,Negative
ID_446,Type C,2019-03-22,496,221.05,Negative
ID_447,Type C,2019-03-23,616,328.3,Negative
ID_448,Type A,2019-03-24,216,232.05,Neutral
ID_449,Type C,2019-03-25,699,413.54,Negative
ID_450,Type A,2019-03-26,429,334.2,Negative
ID_451,Type D,2019-03-27,403,32.24,Positive
ID_452,Type D,2019-03-28,195,380.69,Neutral
ID_453,Type C,2019-03-29,507,354.58,Neutral
ID_454,Type C,2019-03-30,683,81.43,Negative
ID_455,Type D,2019-03-31,495,290.18,Positive
ID_456,Type A,2019-04-01,27,93.68,Positive
ID_457,Type C,2019-04-02,670,279.45,Negative
ID_458,Type B,2019-04-03,336,79.01,Positive
ID_459,Type A,2019-04-04,933,289.92,Positive
ID_460,Type A,2019-04-05,183,129.03,Negative
ID_461,Type D,2019-04-06,763,21.59,Neutral
ID_462,Type C,2019-04-07,772,389.63,Neutral
ID_463,Type D,2019-04-08,513,273.19,Positive
ID_464,Type A,2019-04-09,270,256.52,Neutral
ID_465,Type C,2019-04-10,612,470.18,Positive
ID_466,Type C,2019-04-11,925,58.34,Neutral
ID_467,Type C,2019-04-12,141,399.43,Positive
ID_468,Type D,2019-04-13,87,33.56,Negative
ID_469,Type A,2019-04-14,106,347.21,Neutral
ID_470,Type A,2019-04-15,820,163.08,Positive
ID_471,Type B,2019-04-16,577,480.0,Neutral
ID_472,Type A,2019-04-17,711,175.18,Neutral
ID_473,Type D,2019-04-18,918,275.25,Negative
ID_474,Type B,2019-04-19,929,171.11,Negative
ID_475,Type D,2019-04-20,40,362.06,Neutral
ID_476,Type D,2019-04-21,338,499.88,Negative
ID_477,Type A,2019-04-22,579,373.8,Neutral
ID_478,Type A,2019-04-23,676,479.56,Positive
ID_479,Type A,2019-04-24,551,82.36,Neutral
ID_480,Type D,2019-04-25,356,424.84,Neutral
ID_481,Type D,2019-04-26,316,131.08,Positive
ID_482,Type C,2019-04-27,124,298.78,Neutral
ID_483,Type C,2019-04-28,365,33.5,Neutral
ID_484,Type C,2019-04-29,250,339.39,Negative
ID_485,Type D,2019-04-30,38,139.31,Neutral
ID_486,Type A,2019-05-01,93,302.53,Positive
ID_487,Type C,2019-05-02,322,317.25,Negative
ID_488,Type B,2019-05-03,785,308.76,Neutral
ID_489,Type C,2019-05-04,127,33.13,Negative
ID_490,Type A,2019-05-05,89,14.87,Negative
ID_491,Type C,2019-05-06,234,291.09,Negative
ID_492,Type D,2019-05-07,614,486.5,Positive
ID_493,Type D,2019-05-08,973,471.95,Negative
ID_494,Type A,2019-05-09,598,166.37,Neutral
ID_495,Type B,2019-05-10,692,62.14,Negative
ID_496,Type B,2019-05-11,814,494.91,Positive
ID_497,Type A,2019-05-12,408,194.29,Neutral
ID_498,Type D,2019-05-13,957,205.41,Negative
ID_499,Type B,2019-05-14,593,200.05,Neutral
ID_500,Type C,2019-05-15,596,142.59,Positive
ID_501,Type A,2019-05-16,226,214.09,Neutral
ID_502,Type A,2019-05-17,435,157.03,Neutral
ID_503,Type B,2019-05-18,816,125.72,Neutral
ID_504,Type C,2019-05-19,271,436.61,Negative
ID_505,Type A,2019-05-20,205,340.4,Neutral
ID_506,Type C,2019-05-21,724,257.16,Negative
ID_507,Type A,2019-05-22,509,290.85,Positive
ID_508,Type D,2019-05-23,668,164.22,Negative
ID_509,Type C,2019-05-24,891,202.29,Negative
ID_510,Type A,2019-05-25,320,433.84,Negative
ID_511,Type B,2019-05-26,327,147.67,Neutral
ID_512,Type B,2019-05-27,702,250.89,Positive
ID_513,Type D,2019-05-28,445,390.48,Positive
ID_514,Type C,2019-05-29,357,66.42,Positive
ID_515,Type A,2019-05-30,197,161.66,Neutral
ID_516,Type C,2019-05-31,528,425.66,Neutral
ID_517,Type D,2019-06-01,106,353.94,Negative
ID_518,Type D,2019-06-02,556,191.88,Neutral
ID_519,Type A,2019-06-03,840,94.39,Positive
ID_520,Type B,2019-06-04,945,46.13,Neutral
ID_521,Type B,2019-06-05,93,440.01,Negative
ID_522,Type D,2019-06-06,804,475.29,Neutral
ID_523,Type A,2019-06-07,710,123.67,Neutral
ID_524,Type C,2019-06-08,299,118.81,Negative
ID_525,Type C,2019-06-09,861,281.23,Neutral
ID_526,Type A,2019-06-10,792,355.75,Neutral
ID_527,Type C,2019-06-11,716,282.53,Negative
ID_528,Type B,2019-06-12,948,409.94,Negative
ID_529,Type A,2019-06-13,931,464.14,Negative
ID_530,Type C,2019-06-14,637,290.64,Positive
ID_531,Type A,2019-06-15,436,458.61,Positive
ID_532,Type B,2019-06-16,905,358.65,Negative
ID_533,Type B,2019-06-17,165,372.14,Negative
ID_534,Type A,2019-06-18,609,420.52,Neutral
ID_535,Type A,2019-06-19,271,203.86,Positive
ID_536,Type B,2019-06-20,173,359.64,Neutral
ID_537,Type A,2019-06-21,916,345.57,Positive
ID_538,Type A,2019-06-22,890,301.15,Negative
ID_539,Type A,2019-06-23,989,222.1,Neutral
ID_540,Type A,2019-06-24,775,197.68,Negative
ID_541,Type B,2019-06-25,291,324.39,Neutral
ID_542,Type D,2019-06-26,546,363.91,Neutral
ID_543,Type C,2019-06-27,84,128.02,Negative
ID_544,Type B,2019-06-28,334,13.33,Neutral
ID_545,Type D,2019-06-29,922,334.59,Neutral
ID_546,Type C,2019-06-30,405,24.71,Negative
ID_547,Type A,2019-07-01,514,377.32,Positive
ID_548,Type D,2019-07-02,61,202.12,Positive
ID_549,Type B,2019-07-03,753,231.8,Positive
ID_550,Type D,2019-07-04,68,82.29,Neutral
ID_551,Type B,2019-07-05,687,478.71,Negative
ID_552,Type C,2019-07-06,326,226.35,Negative
ID_553,Type B,2019-07-07,993,116.93,Neutral
ID_554,Type A,2019-07-08,454,364.24,Positive
ID_555,Type C,2019-07-09,412,117.02,Positive
ID_556,Type C,2019-07-10,948,233.36,Neutral
ID_557,Type B,2019-07-11,997,460.05,Neutral
ID_558,Type B,2019-07-12,576,179.82,Positive
ID_559,Type C,2019-07-13,973,197.27,Neutral
ID_560,Type D,2019-07-14,521,480.19,Negative
ID_561,Type A,2019-07-15,174,113.94,Positive
ID_562,Type D,2019-07-16,878,419.01,Positive
ID_563,Type A,2019-07-17,947,150.36,Neutral
ID_564,Type C,2019-07-18,142,478.59,Negative
ID_565,Type B,2019-07-19,713,391.3,Neutral
ID_566,Type C,2019-07-20,139,209.42,Neutral
ID_567,Type D,2019-07-21,232,186.02,Negative
ID_568,Type B,2019-07-22,483,357.62,Positive
ID_569,Type C,2019-07-23,74,77.93,Positive
ID_570,Type A,2019-07-24,432,27.77,Positive
ID_571,Type A,2019-07-25,943,455.27,Neutral
ID_572,Type D,2019-07-26,931,245.36,Positive
ID_573,Type A,2019-07-27,265,489.32,Negative
ID_574,Type A,2019-07-28,519,206.49,Negative
ID_575,Type A,2019-07-29,633,135.29,Neutral
ID_576,Type B,2019-07-30,692,177.2,Positive
ID_577,Type D,2019-07-31,267,437.98,Neutral
ID_578,Type A,2019-08-01,449,198.91,Negative
ID_579,Type C,2019-08-02,133,269.13,Neutral
ID_580,Type C,2019-08-03,773,291.97,Neutral
ID_581,Type D,2019-08-04,864,151.32,Negative
ID_582,Type A,2019-08-05,760,162.44,Negative
ID_583,Type A,2019-08-06,192,152.79,Positive
ID_584,Type C,2019-08-07,814,101.85,Positive
ID_585,Type C,2019-08-08,216,37.86,Negative
ID_586,Type A,2019-08-09,544,123.66,Positive
ID_587,Type D,2019-08-10,783,55.97,Negative
ID_588,Type B,2019-08-11,274,253.4,Positive
ID_589,Type C,2019-08-12,856,455.16,Neutral
ID_590,Type A,2019-08-13,687,226.34,Positive
ID_591,Type B,2019-08-14,656,144.88,Negative
ID_592,Type D,2019-08-15,780,162.48,Neutral
ID_593,Type C,2019-08-16,127,47.31,Positive
ID_594,Type C,2019-08-17,950,333.45,Negative
ID_595,Type C,2019-08-18,671,386.75,Positive
ID_596,Type A,2019-08-19,432,213.37,Positive
ID_597,Type C,2019-08-20,504,37.07,Neutral
ID_598,Type A,2019-08-21,146,253.49,Positive
ID_599,Type C,2019-08-22,445,15.92,Positive
ID_600,Type D,2019-08-23,986,486.16,Positive
ID_601,Type C,2019-08-24,539,160.68,Positive
ID_602,Type A,2019-08-25,427,29.05,Positive
ID_603,Type D,2019-08-26,978,15.55,Neutral
ID_604,Type A,2019-08-27,358,147.81,Negative
ID_605,Type D,2019-08-28,866,82.16,Positive
ID_606,Type A,2019-08-29,533,41.84,Positive
ID_607,Type D,2019-08-30,970,414.43,Neutral
ID_608,Type B,2019-08-31,828,364.69,Neutral
ID_609,Type A,2019-09-01,702,469.14,Positive
ID_610,Type C,2019-09-02,528,180.61,Negative
ID_611,Type B,2019-09-03,777,22.58,Neutral
ID_612,Type B,2019-09-04,69,94.24,Negative
ID_613,Type C,2019-09-05,588,117.03,Neutral
ID_614,Type D,2019-09-06,779,121.78,Neutral
ID_615,Type C,2019-09-07,640,261.23,Negative
ID_616,Type C,2019-09-08,717,313.68,Positive
ID_617,Type B,2019-09-09,578,133.38,Neutral
ID_618,Type A,2019-09-10,193,29.33,Positive
ID_619,Type C,2019-09-11,120,196.56,Neutral
ID_620,Type A,2019-09-12,520,331.13,Negative
ID_621,Type B,2019-09-13,650,213.53,Negative
ID_622,Type B,2019-09-14,18,308.36,Negative
ID_623,Type D,2019-09-15,623,485.26,Positive
ID_624,Type D,2019-09-16,570,189.71,Negative
ID_625,Type B,2019-09-17,391,191.76,Negative
ID_626,Type A,2019-09-18,432,280.85,Neutral
ID_627,Type A,2019-09-19,910,273.59,Positive
ID_628,Type D,2019-09-20,270,194.13,Negative
ID_629,Type B,2019-09-21,649,289.53,Positive
ID_630,Type A,2019-09-22,654,271.67,Neutral
ID_631,Type B,2019-09-23,718,237.98,Negative
ID_632,Type A,2019-09-24,320,267.19,Neutral
ID_633,Type D,2019-09-25,774,313.44,Positive
ID_634,Type B,2019-09-26,932,263.38,Negative
ID_635,Type A,2019-09-27,132,58.92,Negative
ID_636,Type C,2019-09-28,96,136.44,Neutral
ID_637,Type A,2019-09-29,718,197.06,Negative
ID_638,Type D,2019-09-30,633,459.25,Neutral
ID_639,Type A,2019-10-01,475,285.84,Positive
ID_640,Type A,2019-10-02,217,282.66,Neutral
ID_641,Type C,2019-10-03,995,83.57,Neutral
ID_642,Type A,2019-10-04,554,258.53,Neutral
ID_643,Type A,2019-10-05,211,193.51,Negative
ID_644,Type D,2019-10-06,548,32.86,Negative
ID_645,Type C,2019-10-07,105,253.38,Positive
ID_646,Type D,2019-10-08,21,186.07,Positive
ID_647,Type D,2019-10-09,613,241.66,Neutral
ID_648,Type C,2019-10-10,873,381.09,Negative
ID_649,Type A,2019-10-11,483,445.03,Positive
ID_650,Type D,2019-10-12,984,299.43,Negative
ID_651,Type B,2019-10-13,885,68.23,Positive
ID_652,Type D,2019-10-14,59,439.67,Positive
ID_653,Type A,2019-10-15,57,186.11,Negative
ID_654,Type A,2019-10-16,928,351.92,Negative
ID_655,Type D,2019-10-17,608,108.26,Neutral
ID_656,Type D,2019-10-18,5,334.35,Negative
ID_657,Type C,2019-10-19,567,83.78,Neutral
ID_658,Type D,2019-10-20,598,92.41,Positive
ID_659,Type C,2019-10-21,175,54.6,Neutral
ID_660,Type D,2019-10-22,933,213.68,Negative
ID_661,Type B,2019-10-23,581,294.64,Negative
ID_662,Type B,2019-10-24,848,464.91,Positive
ID_663,Type A,2019-10-25,797,273.57,Negative
ID_664,Type D,2019-10-26,913,203.73,Positive
ID_665,Type A,2019-10-27,117,331.74,Negative
ID_666,Type B,2019-10-28,791,74.11,Negative
ID_667,Type B,2019-10-29,874,476.62,Negative
ID_668,Type C,2019-10-30,307,174.23,Positive
ID_669,Type A,2019-10-31,157,192.38,Positive
ID_670,Type C,2019-11-01,113,492.42,Neutral
ID_671,Type C,2019-11-02,936,79.82,Positive
ID_672,Type A,2019-11-03,744,160.42,Positive
ID_673,Type C,2019-11-04,975,447.33,Negative
ID_674,Type A,2019-11-05,279,148.58,Neutral
ID_675,Type A,2019-11-06,162,345.57,Negative
ID_676,Type B,2019-11-07,435,416.18,Neutral
ID_677,Type D,2019-11-08,645,237.47,Positive
ID_678,Type B,2019-11-09,302,192.88,Positive
ID_679,Type D,2019-11-10,179,42.64,Negative
ID_680,Type D,2019-11-11,454,399.2,Negative
ID_681,Type A,2019-11-12,407,207.19,Neutral
ID_682,Type D,2019-11-13,553,84.41,Negative
ID_683,Type A,2019-11-14,833,236.28,Neutral
ID_684,Type A,2019-11-15,311,453.39,Neutral
ID_685,Type B,2019-11-16,959,336.86,Neutral
ID_686,Type B,2019-11-17,454,22.46,Neutral
ID_687,Type D,2019-11-18,189,303.71,Positive
ID_688,Type C,2019-11-19,694,115.39,Negative
ID_689,Type B,2019-11-20,306,129.35,Positive
ID_690,Type B,2019-11-21,116,197.38,Positive
ID_691,Type D,2019-11-22,729,106.38,Neutral
ID_692,Type B,2019-11-23,434,66.77,Negative
ID_693,Type C,2019-11-24,163,465.13,Positive
ID_694,Type B,2019-11-25,250,137.91,Negative
ID_695,Type C,2019-11-26,506,95.94,Negative
ID_696,Type C,2019-11-27,710,321.23,Neutral
ID_697,Type C,2019-11-28,284,82.65,Negative
ID_698,Type B,2019-11-29,470,205.67,Negative
ID_699,Type A,2019-11-30,241,93.58,Positive
ID_700,Type D,2019-12-01,595,107.58,Negative
ID_701,Type C,2019-12-02,842,440.38,Negative
ID_702,Type D,2019-12-03,492,23.69,Neutral
ID_703,Type D,2019-12-04,525,100.74,Positive
ID_704,Type C,2019-12-05,871,237.09,Neutral
ID_705,Type B,2019-12-06,51,186.21,Positive
ID_706,Type A,2019-12-07,504,181.56,Neutral
ID_707,Type C,2019-12-08,206,395.05,Positive
ID_708,Type A,2019-12-09,201,283.21,Negative
ID_709,Type D,2019-12-10,699,415.11,Neutral
ID_710,Type B,2019-12-11,837,289.34,Positive
ID_711,Type A,2019-12-12,862,484.34,Neutral
ID_712,Type B,2019-12-13,130,314.89,Negative
ID_713,Type D,2019-12-14,380,462.92,Positive
ID_714,Type D,2019-12-15,526,152.25,Positive
ID_715,Type C,2019-12-16,83,344.55,Negative
ID_716,Type B,2019-12-17,137,58.13,Neutral
ID_717,Type C,2019-12-18,51,312.18,Negative
ID_718,Type B,2019-12-19,643,88.01,Positive
ID_719,Type A,2019-12-20,302,254.59,Neutral
ID_720,Type B,2019-12-21,484,51.56,Neutral
ID_721,Type B,2019-12-22,906,386.64,Neutral
ID_722,Type C,2019-12-23,442,90.02,Negative
ID_723,Type C,2019-12-24,928,97.38,Positive
ID_724,Type D,2019-12-25,205,194.67,Positive
ID_725,Type D,2019-12-26,463,447.23,Positive
ID_726,Type A,2019-12-27,246,362.54,Neutral
ID_727,Type A,2019-12-28,211,276.62,Positive
ID_728,Type C,2019-12-29,803,323.87,Positive
ID_729,Type D,2019-12-30,427,198.28,Positive
ID_730,Type D,2019-12-31,170,288.71,Negative
ID_731,Type B,2020-01-01,562,180.29,Neutral
ID_732,Type C,2020-01-02,140,31.01,Neutral
ID_733,Type C,2020-01-03,490,120.28,Positive
ID_734,Type C,2020-01-04,456,319.82,Positive
ID_735,Type D,2020-01-05,207,16.04,Neutral
ID_736,Type D,2020-01-06,257,39.13,Positive
ID_737,Type B,2020-01-07,534,36.06,Neutral
ID_738,Type D,2020-01-08,430,189.36,Neutral
ID_739,Type A,2020-01-09,798,442.97,Neutral
ID_740,Type D,2020-01-10,448,14.02,Neutral
ID_741,Type A,2020-01-11,524,119.84,Negative
ID_742,Type D,2020-01-12,833,160.15,Positive
ID_743,Type B,2020-01-13,787,66.28,Positive
ID_744,Type A,2020-01-14,26,200.67,Neutral
ID_745,Type B,2020-01-15,451,275.9,Positive
ID_746,Type D,2020-01-16,645,134.88,Positive
ID_747,Type B,2020-01-17,287,249.34,Positive
ID_748,Type C,2020-01-18,362,220.61,Positive
ID_749,Type B,2020-01-19,328,396.02,Neutral
ID_750,Type A,2020-01-20,801,285.43,Neutral
ID_751,Type C,2020-01-21,831,264.9,Negative
ID_752,Type A,2020-01-22,734,431.89,Neutral
ID_753,Type C,2020-01-23,950,164.16,Positive
ID_754,Type A,2020-01-24,69,95.95,Negative
ID_755,Type D,2020-01-25,437,19.92,Positive
ID_756,Type B,2020-01-26,65,102.19,Negative
ID_757,Type A,2020-01-27,471,421.01,Positive
ID_758,Type D,2020-01-28,933,141.96,Neutral
ID_759,Type A,2020-01-29,884,453.84,Negative
ID_760,Type B,2020-01-30,952,344.27,Neutral
ID_761,Type A,2020-01-31,436,413.86,Positive
ID_762,Type A,2020-02-01,700,69.61,Negative
ID_763,Type B,2020-02-02,19,466.31,Positive
ID_764,Type D,2020-02-03,680,396.15,Neutral
ID_765,Type C,2020-02-04,717,67.91,Negative
ID_766,Type B,2020-02-05,35,50.61,Negative
ID_767,Type B,2020-02-06,196,407.6,Negative
ID_768,Type C,2020-02-07,754,457.92,Negative
ID_769,Type C,2020-02-08,598,227.56,Negative
ID_770,Type A,2020-02-09,947,92.56,Neutral
ID_771,Type A,2020-02-10,711,282.1,Negative
ID_772,Type A,2020-02-11,785,480.18,Negative
ID_773,Type B,2020-02-12,333,428.6,Negative
ID_774,Type B,2020-02-13,441,352.51,Positive
ID_775,Type C,2020-02-14,950,450.06,Neutral
ID_776,Type C,2020-02-15,421,357.08,Negative
ID_777,Type B,2020-02-16,64,257.94,Negative
ID_778,Type C,2020-02-17,733,209.7,Neutral
ID_779,Type A,2020-02-18,561,67.27,Neutral
ID_780,Type D,2020-02-19,768,203.24,Neutral
ID_781,Type C,2020-02-20,521,378.3,Neutral
ID_782,Type B,2020-02-21,107,288.96,Positive
ID_783,Type A,2020-02-22,901,465.46,Negative
ID_784,Type C,2020-02-23,213,483.03,Negative
ID_785,Type A,2020-02-24,770,329.28,Negative
ID_786,Type A,2020-02-25,413,108.22,Negative
ID_787,Type A,2020-02-26,219,305.49,Neutral
ID_788,Type C,2020-02-27,990,414.9,Positive
ID_789,Type A,2020-02-28,88,322.77,Neutral
ID_790,Type D,2020-02-29,957,67.26,Positive
ID_791,Type A,2020-03-01,811,364.85,Negative
ID_792,Type C,2020-03-02,386,305.91,Positive
ID_793,Type D,2020-03-03,519,273.72,Negative
ID_794,Type C,2020-03-04,980,331.15,Neutral
ID_795,Type A,2020-03-05,969,153.94,Positive
ID_796,Type B,2020-03-06,396,252.26,Positive
ID_797,Type A,2020-03-07,182,94.7,Neutral
ID_798,Type D,2020-03-08,190,291.78,Negative
ID_799,Type A,2020-03-09,717,349.31,Negative
ID_800,Type A,2020-03-10,372,58.94,Neutral
ID_801,Type B,2020-03-11,420,323.6,Neutral
ID_802,Type A,2020-03-12,337,206.73,Neutral
ID_803,Type C,2020-03-13,620,47.95,Negative
ID_804,Type C,2020-03-14,379,209.32,Positive
ID_805,Type D,2020-03-15,385,95.56,Positive
ID_806,Type C,2020-03-16,74,429.42,Positive
ID_807,Type D,2020-03-17,408,196.33,Neutral
ID_808,Type C,2020-03-18,905,475.43,Positive
ID_809,Type A,2020-03-19,222,428.21,Negative
ID_810,Type C,2020-03-20,695,479.56,Positive
ID_811,Type C,2020-03-21,456,362.61,Positive
ID_812,Type A,2020-03-22,54,326.42,Negative
ID_813,Type D,2020-03-23,199,364.39,Negative
ID_814,Type D,2020-03-24,550,218.07,Positive
ID_815,Type A,2020-03-25,974,134.76,Negative
ID_816,Type C,2020-03-26,72,292.41,Neutral
ID_817,Type A,2020-03-27,719,474.54,Neutral
ID_818,Type A,2020-03-28,232,417.55,Neutral
ID_819,Type A,2020-03-29,4,442.53,Neutral
ID_820,Type D,2020-03-30,196,479.5,Negative
ID_821,Type D,2020-03-31,515,469.8,Negative
ID_822,Type B,2020-04-01,813,75.94,Neutral
ID_823,Type B,2020-04-02,649,35.26,Positive
ID_824,Type B,2020-04-03,855,115.54,Positive
ID_825,Type A,2020-04-04,663,121.52,Positive
ID_826,Type C,2020-04-05,256,185.16,Positive
ID_827,Type C,2020-04-06,561,176.29,Neutral
ID_828,Type A,2020-04-07,296,145.54,Positive
ID_829,Type A,2020-04-08,173,309.77,Negative
ID_830,Type B,2020-04-09,594,133.55,Positive
ID_831,Type B,2020-04-10,941,493.41,Positive
ID_832,Type B,2020-04-11,81,492.35,Neutral
ID_833,Type B,2020-04-12,511,464.55,Negative
ID_834,Type A,2020-04-13,138,423.25,Positive
ID_835,Type C,2020-04-14,788,279.83,Neutral
ID_836,Type B,2020-04-15,529,478.77,Negative
ID_837,Type A,2020-04-16,472,35.88,Positive
ID_838,Type D,2020-04-17,822,21.08,Positive
ID_839,Type A,2020-04-18,523,339.27,Positive
ID_840,Type C,2020-04-19,879,74.06,Positive
ID_841,Type B,2020-04-20,851,115.19,Positive
ID_842,Type C,2020-04-21,503,148.71,Negative
ID_843,Type D,2020-04-22,976,209.51,Positive
ID_844,Type D,2020-04-23,261,104.41,Neutral
ID_845,Type D,2020-04-24,624,284.95,Positive
ID_846,Type D,2020-04-25,143,31.41,Negative
ID_847,Type A,2020-04-26,126,88.13,Neutral
ID_848,Type A,2020-04-27,443,204.53,Positive
ID_849,Type B,2020-04-28,705,373.71,Neutral
ID_850,Type C,2020-04-29,63,393.44,Positive
ID_851,Type C,2020-04-30,52,268.2,Neutral
ID_852,Type C,2020-05-01,107,275.85,Negative
ID_853,Type C,2020-05-02,371,75.63,Neutral
ID_854,Type A,2020-05-03,981,446.44,Negative
ID_855,Type B,2020-05-04,690,327.26,Negative
ID_856,Type D,2020-05-05,550,494.51,Neutral
ID_857,Type A,2020-05-06,271,372.74,Positive
ID_858,Type B,2020-05-07,479,183.97,Positive
ID_859,Type A,2020-05-08,395,424.96,Neutral
ID_860,Type D,2020-05-09,613,46.54,Positive
ID_861,Type B,2020-05-10,242,485.77,Positive
ID_862,Type C,2020-05-11,612,486.34,Positive
ID_863,Type C,2020-05-12,501,480.63,Negative
ID_864,Type A,2020-05-13,562,57.82,Negative
ID_865,Type B,2020-05-14,847,482.09,Positive
ID_866,Type C,2020-05-15,834,407.63,Negative
ID_867,Type D,2020-05-16,915,83.1,Neutral
ID_868,Type B,2020-05-17,881,334.69,Neutral
ID_869,Type C,2020-05-18,961,457.32,Neutral
ID_870,Type A,2020-05-19,998,457.41,Neutral
ID_871,Type C,2020-05-20,239,449.94,Neutral
ID_872,Type A,2020-05-21,842,308.51,Neutral
ID_873,Type D,2020-05-22,869,48.56,Positive
ID_874,Type C,2020-05-23,98,450.7,Negative
ID_875,Type A,2020-05-24,383,227.76,Neutral
ID_876,Type A,2020-05-25,489,396.51,Neutral
ID_877,Type D,2020-05-26,333,405.08,Positive
ID_878,Type C,2020-05-27,871,261.16,Neutral
ID_879,Type C,2020-05-28,814,353.96,Neutral
ID_880,Type A,2020-05-29,479,398.52,Neutral
ID_881,Type A,2020-05-30,583,316.41,Negative
ID_882,Type C,2020-05-31,934,37.47,Positive
ID_883,Type C,2020-06-01,837,32.01,Negative
ID_884,Type A,2020-06-02,692,470.44,Negative
ID_885,Type B,2020-06-03,21,61.31,Neutral
ID_886,Type D,2020-06-04,779,38.61,Positive
ID_887,Type C,2020-06-05,204,203.9,Negative
ID_888,Type A,2020-06-06,47,287.1,Neutral
ID_889,Type C,2020-06-07,389,80.79,Negative
ID_890,Type D,2020-06-08,97,38.2,Positive
ID_891,Type B,2020-06-09,136,266.49,Positive
ID_892,Type B,2020-06-10,465,339.19,Negative
ID_893,Type B,2020-06-11,433,261.0,Negative
ID_894,Type B,2020-06-12,334,366.72,Neutral
ID_895,Type D,2020-06-13,705,286.86,Positive
ID_896,Type D,2020-06-14,846,92.29,Positive
ID_897,Type A,2020-06-15,173,100.43,Neutral
ID_898,Type A,2020-06-16,962,147.98,Negative
ID_899,Type B,2020-06-17,416,67.15,Neutral
ID_900,Type B,2020-06-18,460,425.37,Negative
ID_901,Type C,2020-06-19,277,303.63,Negative
ID_902,Type B,2020-06-20,993,303.02,Negative
ID_903,Type C,2020-06-21,453,360.94,Negative
ID_904,Type D,2020-06-22,270,431.09,Negative
ID_905,Type D,2020-06-23,312,113.85,Negative
ID_906,Type A,2020-06-24,985,394.76,Positive
ID_907,Type B,2020-06-25,922,458.5,Negative
ID_908,Type B,2020-06-26,648,423.56,Neutral
ID_909,Type C,2020-06-27,937,10.08,Positive
ID_910,Type C,2020-06-28,578,231.47,Negative
ID_911,Type A,2020-06-29,88,195.81,Positive
ID_912,Type C,2020-06-30,213,182.79,Neutral
ID_913,Type B,2020-07-01,902,346.33,Negative
ID_914,Type D,2020-07-02,495,393.91,Neutral
ID_915,Type B,2020-07-03,957,374.94,Neutral
ID_916,Type C,2020-07-04,500,432.64,Positive
ID_917,Type B,2020-07-05,608,134.55,Neutral
ID_918,Type D,2020-07-06,102,113.99,Positive
ID_919,Type D,2020-07-07,859,83.93,Negative
ID_920,Type D,2020-07-08,572,357.73,Neutral
ID_921,Type A,2020-07-09,801,51.79,Negative
ID_922,Type D,2020-07-10,837,77.7,Negative
ID_923,Type A,2020-07-11,704,241.75,Neutral
ID_924,Type D,2020-07-12,281,479.59,Negative
ID_925,Type A,2020-07-13,224,126.94,Negative
ID_926,Type C,2020-07-14,684,170.61,Neutral
ID_927,Type D,2020-07-15,861,421.52,Positive
ID_928,Type D,2020-07-16,378,424.37,Negative
ID_929,Type D,2020-07-17,333,48.68,Neutral
ID_930,Type D,2020-07-18,695,464.04,Positive
ID_931,Type A,2020-07-19,33,170.6,Positive
ID_932,Type D,2020-07-20,65,117.58,Positive
ID_933,Type D,2020-07-21,682,207.12,Neutral
ID_934,Type B,2020-07-22,726,240.9,Positive
ID_935,Type A,2020-07-23,537,424.73,Neutral
ID_936,Type D,2020-07-24,102,371.03,Neutral
ID_937,Type D,2020-07-25,275,464.88,Positive
ID_938,Type A,2020-07-26,644,25.57,Neutral
ID_939,Type B,2020-07-27,914,248.54,Positive
ID_940,Type D,2020-07-28,476,387.91,Negative
ID_941,Type B,2020-07-29,115,147.04,Negative
ID_942,Type C,2020-07-30,806,423.41,Positive
ID_943,Type C,2020-07-31,423,429.28,Negative
ID_944,Type D,2020-08-01,66,374.9,Negative
ID_945,Type D,2020-08-02,137,143.55,Positive
ID_946,Type B,2020-08-03,310,35.88,Positive
ID_947,Type C,2020-08-04,796,245.48,Positive
ID_948,Type B,2020-08-05,638,188.08,Negative
ID_949,Type D,2020-08-06,403,374.09,Neutral
ID_950,Type A,2020-08-07,62,368.36,Negative
ID_951,Type A,2020-08-08,604,380.94,Neutral
ID_952,Type C,2020-08-09,124,30.52,Positive
ID_953,Type B,2020-08-10,662,458.47,Neutral
ID_954,Type A,2020-08-11,915,74.18,Negative
ID_955,Type A,2020-08-12,219,360.34,Positive
ID_956,Type C,2020-08-13,225,124.92,Neutral
ID_957,Type C,2020-08-14,370,93.92,Neutral
ID_958,Type D,2020-08-15,240,139.45,Negative
ID_959,Type C,2020-08-16,178,240.45,Positive
ID_960,Type B,2020-08-17,204,38.32,Neutral
ID_961,Type C,2020-08-18,116,103.06,Negative
ID_962,Type B,2020-08-19,458,345.18,Positive
ID_963,Type C,2020-08-20,808,128.92,Negative
ID_964,Type A,2020-08-21,237,175.45,Positive
ID_965,Type A,2020-08-22,190,119.02,Positive
ID_966,Type D,2020-08-23,378,305.75,Positive
ID_967,Type C,2020-08-24,611,488.84,Negative
ID_968,Type D,2020-08-25,876,128.63,Positive
ID_969,Type A,2020-08-26,760,137.38,Neutral
ID_970,Type A,2020-08-27,298,317.48,Neutral
ID_971,Type B,2020-08-28,349,353.24,Neutral
ID_972,Type B,2020-08-29,706,245.86,Negative
ID_973,Type C,2020-08-30,104,228.26,Negative
ID_974,Type A,2020-08-31,708,47.29,Negative
ID_975,Type D,2020-09-01,521,116.2,Positive
ID_976,Type A,2020-09-02,235,410.46,Neutral
ID_977,Type B,2020-09-03,355,482.14,Positive
ID_978,Type C,2020-09-04,594,435.36,Positive
ID_979,Type B,2020-09-05,711,311.2,Neutral
ID_980,Type B,2020-09-06,23,133.96,Neutral
ID_981,Type A,2020-09-07,558,256.12,Negative
ID_982,Type A,2020-09-08,251,446.14,Positive
ID_983,Type A,2020-09-09,560,233.96,Negative
ID_984,Type D,2020-09-10,32,97.51,Negative
ID_985,Type C,2020-09-11,867,201.41,Positive
ID_986,Type A,2020-09-12,349,99.59,Negative
ID_987,Type D,2020-09-13,827,82.67,Negative
ID_988,Type D,2020-09-14,288,143.92,Neutral
ID_989,Type A,2020-09-15,478,33.53,Neutral
ID_990,Type C,2020-09-16,142,254.0,Positive
ID_991,Type B,2020-09-17,160,269.62,Negative
ID_992,Type C,2020-09-18,960,31.26,Negative
ID_993,Type A,2020-09-19,590,220.58,Positive
ID_994,Type A,2020-09-20,384,318.05,Negative
ID_995,Type A,2020-09-21,243,468.6,Neutral
ID_996,Type A,2020-09-22,110,292.94,Neutral
ID_997,Type C,2020-09-23,789,225.74,Positive
ID_998,Type D,2020-09-24,382,465.49,Positive
ID_999,Type B,2020-09-25,426,333.79,Negative
ID_1000,Type B,2020-09-26,350,243.79,Neutral
